,date,Labor Productivity,Unemployment Rate,Federal Funds Rate,Inflation,GDP,Population,Investment,Government Spending,Consumption,Net Exports,GDP_per_capita
0,1968-01-01,3.4,3.7,4.5,3.65186106,909.387,199864.0,592.754,177.285,530.9,1.054,4550.029019733419
1,1968-04-01,4.0,3.5,5.5,4.155828095,934.344,200285.0,615.427,183.665,544.0,1.749,4665.072272012382
2,1968-07-01,3.5,3.7,6.13,4.753076334,950.825,200802.0,598.643,186.229,563.2,1.65,4735.137100228086
3,1968-10-01,3.0,3.4,6.0,5.182592347,968.03,201378.0,605.155,190.202,571.6,0.945,4807.029566288274
4,1969-01-01,1.5,3.4,4.0,5.746196961,993.337,201821.0,640.79,188.097,583.5,0.239,4921.871361255766
5,1969-04-01,-0.2,3.4,6.63,6.505620421,1009.02,202246.0,637.015,194.972,593.9,1.104,4989.0727134282015
6,1969-07-01,-0.2,3.5,8.75,6.389268621,1029.956,202777.0,649.948,199.772,602.7,1.231,5079.254550565399
7,1969-10-01,-0.4,3.7,8.0,6.560106336,1038.147,203401.0,618.565,205.097,618.5,3.149,5103.94245849332
8,1970-01-01,-0.9,3.9,5.0,6.592370014,1051.2,203929.0,600.116,208.693,628.7,3.514,5154.735226475881
9,1970-04-01,1.4,4.6,8.0,6.817838113,1067.375,204504.0,601.421,220.11,636.0,5.207,5219.33556311857
10,1970-07-01,2.9,5.0,7.0,7.00787567,1086.059,205174.0,611.208,223.37,648.5,4.088,5293.355883299054
11,1970-10-01,2.4,5.5,6.5,7.057638255,1088.608,205906.0,578.757,227.603,658.3,2.985,5286.917331209387
12,1971-01-01,5.1,5.9,3.0,7.014858012,1135.156,206567.0,646.232,233.12,676.1,4.57,5495.340494851549
13,1971-04-01,3.9,5.9,4.0,5.306250794,1156.271,207163.0,664.569,242.896,688.8,-0.401,5581.455182633965
14,1971-07-01,3.3,6.0,5.25,5.165044197,1177.675,207771.0,672.632,242.609,698.9,0.236,5668.139441981797
15,1971-10-01,3.3,5.8,5.38,4.376576593,1190.297,208450.0,654.519,247.782,715.8,-1.92,5710.227872391461
16,1972-01-01,1.9,5.8,3.0,3.728280469,1230.609,208989.0,697.648,258.846,731.5,-3.534,5888.391255042131
17,1972-04-01,3.6,5.7,4.0,3.971403024,1266.369,209466.0,737.276,267.56,752.5,-4.258,6045.701927759159
18,1972-07-01,3.3,5.6,4.5,3.467340855,1290.566,209986.0,747.745,260.264,769.9,-2.638,6145.962111759832
19,1972-10-01,5.0,5.6,4.88,3.331141241,1328.904,210568.0,752.434,285.409,794.9,-3.061,6311.044413206185
20,1973-01-01,5.8,4.9,5.5,2.842802671,1377.49,211053.0,796.53,283.042,816.5,-1.4,6526.749205175951
21,1973-04-01,3.8,5.0,7.38,3.031703085,1413.887,211499.0,830.483,287.36,835.7,2.454,6685.076525184516
22,1973-07-01,2.2,4.8,8.88,3.013319714,1433.838,212001.0,800.37,286.911,854.1,6.437,6763.354889835426
23,1973-10-01,0.7,4.6,10.9,4.765238145,1476.289,212555.0,828.879,292.909,868.2,8.952,6945.444708428407
24,1974-01-01,-1.8,5.1,9.83,5.845776926,1491.209,213003.0,781.544,302.072,884.5,6.394,7000.88261667676
25,1974-04-01,-2.1,5.1,10.01,7.104721156,1530.056,213437.0,778.425,314.483,910.8,-2.714,7168.653982205522
26,1974-07-01,-2.2,5.5,14.33,9.526994824,1560.026,213948.0,738.08,324.454,937.9,-6.972,7291.612915287827
27,1974-10-01,-0.7,6.0,11.3,10.561468061,1599.679,214538.0,742.56,338.388,959.2,0.033,7456.39001016137
28,1975-01-01,0.3,8.1,3.87,11.624378564,1616.116,214998.0,622.949,354.024,975.6,16.481,7516.88852919562
29,1975-04-01,2.2,8.8,5.48,11.698351766,1651.853,215438.0,604.403,377.665,995.0,21.582,7667.417075910471
30,1975-07-01,4.5,8.6,6.12,9.76743143,1709.82,216084.0,651.26,379.106,1039.8,12.043,7912.756150385961
31,1975-10-01,3.7,8.4,6.24,8.109587525,1761.831,216679.0,669.438,388.241,1060.9,13.801,8131.064847077935
32,1976-01-01,4.5,7.9,5.37,7.691042386,1820.487,217172.0,734.031,393.991,1107.1,4.65,8382.696664395042
33,1976-04-01,3.8,7.7,4.83,6.847460223,1852.332,217607.0,763.083,395.709,1125.4,-0.496,8512.281314479773
34,1976-07-01,2.8,7.8,5.58,7.088593777,1886.558,218134.0,765.742,407.495,1149.6,-4.073,8648.619655807897
35,1976-10-01,2.9,7.7,5.32,6.878373933,1934.273,218739.0,771.471,416.741,1176.8,-6.603,8842.835525443565
36,1977-01-01,2.1,7.5,4.17,6.048908185,1988.648,219262.0,807.213,420.834,1215.0,-21.079,9069.733925623226
37,1977-04-01,1.6,7.2,4.72,6.580655715,2055.909,219772.0,865.083,428.835,1247.3,-21.136,9354.735817119561
38,1977-07-01,2.4,6.9,5.36,6.881150829,2118.473,220349.0,908.859,442.98,1280.5,-20.579,9614.171155757458
39,1977-10-01,0.8,6.8,6.46,6.950144555,2164.27,221007.0,886.06,456.618,1311.4,-29.582,9792.76674494473
40,1978-01-01,0.2,6.4,6.53,7.371987718,2202.76,221553.0,903.329,468.33,1329.5,-38.681,9942.361421420608
41,1978-04-01,1.8,6.1,6.97,7.413807475,2331.633,222084.0,962.001,478.557,1396.4,-22.624,10498.878802615227
42,1978-07-01,0.8,6.2,8.01,7.912838518,2395.053,222697.0,990.029,492.031,1426.8,-23.76,10754.760953223438
43,1978-10-01,2.8,5.8,8.9,9.03646557,2476.949,223383.0,1012.924,504.542,1466.9,-16.4,11088.350501157205
44,1979-01-01,1.8,5.9,10.84,9.070516336,2526.61,223973.0,1014.607,511.805,1502.4,-18.159,11280.86867613507
45,1979-04-01,-0.4,5.8,10.07,9.918953512,2591.247,224529.0,1013.693,522.934,1538.4,-22.189,11540.812099995992
46,1979-07-01,-0.6,5.7,10.54,10.50434739,2667.565,225174.0,996.622,543.29,1586.1,-23.029,11846.6830095837
47,1979-10-01,-1.3,6.0,12.06,11.257284188,2723.883,225893.0,978.943,559.516,1641.6,-26.802,12058.288658789781
48,1980-01-01,0.0,6.3,14.77,13.469735746,2789.842,226554.0,972.248,583.861,1697.3,-35.803,12314.24737590155
49,1980-04-01,-0.8,6.9,19.79,14.755204998,2797.352,227156.0,889.579,608.694,1695.2,-15.211,12314.673616369368
50,1980-07-01,-0.3,7.8,9.47,14.133410238,2856.483,227840.0,830.866,639.968,1747.1,5.471,12537.232268258427
51,1980-10-01,0.8,7.5,13.05,13.084188753,2985.557,228515.0,908.306,657.298,1817.1,-6.682,13065.03730608494
52,1981-01-01,1.9,7.5,22.0,12.018100571,3124.206,229004.0,992.376,680.243,1870.0,-14.259,13642.582662311575
53,1981-04-01,1.6,7.2,14.51,9.710596634,3162.532,229489.0,951.246,695.699,1904.4,-13.508,13780.756376122603
54,1981-07-01,2.2,7.2,21.09,11.238230349,3260.609,230077.0,1004.861,722.114,1942.1,-7.561,14171.81639190358
55,1981-10-01,0.1,7.9,16.96,11.266251913,3280.818,230732.0,969.475,738.484,1963.9,-14.75,14219.172026420263
56,1982-01-01,-1.9,8.6,13.13,9.469843405,3274.302,231235.0,877.772,753.575,1997.1,-16.276,14160.062274309685
57,1982-04-01,-0.6,9.3,15.48,9.081124943,3331.972,231727.0,877.104,767.553,2026.3,-4.386,14378.868237192904
58,1982-07-01,-1.3,9.8,14.73,7.889386151,3366.322,232290.0,869.067,794.534,2072.2,-29.647,14491.893753497783
59,1982-10-01,0.6,10.4,10.87,5.978948458,3402.561,232905.0,801.889,828.404,2125.8,-29.587,14609.22264442584
60,1983-01-01,2.5,10.4,11.2,4.424606951,3473.413,233398.0,829.672,831.494,2174.0,-24.548,14881.931293327278
61,1983-04-01,4.7,10.2,9.12,4.187719488,3578.848,233852.0,903.148,852.517,2226.4,-45.434,15303.901612985992
62,1983-07-01,4.7,9.4,9.31,2.370321394,3689.179,234404.0,959.692,864.3,2304.4,-65.2,15738.5496834525
63,1983-10-01,4.4,8.8,10.59,2.837489986,3794.706,234993.0,1053.054,859.457,2357.6,-71.385,16148.166115586422
64,1984-01-01,3.5,8.0,9.92,4.47100051,3908.054,235456.0,1154.826,874.942,2419.4,-95.004,16597.810206577873
65,1984-04-01,1.9,7.7,10.24,4.632179596,4009.601,235916.0,1192.381,897.828,2457.5,-104.301,16995.88412824904
66,1984-07-01,2.1,7.5,10.85,4.88156286,4084.25,236449.0,1218.184,914.311,2494.6,-103.847,17273.280918929664
67,1984-10-01,1.6,7.4,11.38,5.086232886,4148.551,237068.0,1202.383,943.661,2531.3,-107.756,17499.413670339312
68,1985-01-01,1.4,7.3,8.74,4.71440976,4230.168,237535.0,1169.416,952.096,2618.8,-91.298,17808.60925758309
69,1985-04-01,1.2,7.3,8.83,4.742850309,4294.887,237987.0,1189.334,966.688,2659.5,-114.445,18046.72944320488
70,1985-07-01,2.0,7.4,8.12,4.934458147,4386.773,238573.0,1181.226,984.669,2715.7,-116.895,18387.550141885295
71,1985-10-01,2.3,7.1,8.26,4.87735108,4444.094,239210.0,1224.763,996.43,2755.8,-133.434,18578.21161322687
72,1986-01-01,3.2,6.7,13.46,5.280952944,4507.894,239713.0,1224.404,1007.454,2827.1,-126.014,18805.379766637605
73,1986-04-01,3.7,7.1,7.49,5.352667382,4545.34,240183.0,1203.028,1033.105,2835.2,-128.872,18924.486745523205
74,1986-07-01,2.8,7.0,6.97,4.960427947,4607.669,240753.0,1170.667,1052.329,2881.2,-138.961,19138.57355879262
75,1986-10-01,2.2,7.0,5.99,4.881662479,4657.627,241371.0,1174.171,1042.504,2932.9,-133.629,19296.547638282977
76,1987-01-01,0.5,6.6,14.35,4.492110038,4722.156,241857.0,1205.858,1045.149,2935.5,-141.234,19524.578573289175
77,1987-04-01,0.4,6.3,6.22,4.371203735,4806.16,242338.0,1206.486,1061.117,3038.8,-146.977,19832.465399565895
78,1987-07-01,0.0,6.1,6.07,4.178766144,4884.555,242908.0,1206.662,1064.747,3094.7,-145.464,20108.662538903616
79,1987-10-01,1.2,6.0,7.71,4.356981982,5007.994,243543.0,1288.881,1089.898,3134.5,-145.405,20563.07920983153
80,1988-01-01,2.1,5.7,6.89,4.373233966,5073.372,244056.0,1227.008,1107.967,3213.7,-123.987,20787.737240633298
81,1988-04-01,1.7,5.4,6.7,4.37597416,5190.036,244528.0,1256.243,1108.813,3263.0,-106.627,21224.710462605508
82,1988-07-01,1.9,5.4,7.75,4.70086963,5282.835,245131.0,1263.222,1120.902,3342.7,-99.263,21551.06861229302
83,1988-10-01,1.0,5.4,8.54,4.607887381,5399.509,245789.0,1282.499,1151.873,3413.7,-107.694,21968.066105480717
84,1989-01-01,0.8,5.4,9.04,4.748201473,5511.253,246301.0,1326.029,1171.136,3483.7,-100.965,22376.08860702961
85,1989-04-01,0.8,5.2,9.79,4.618488017,5612.463,246814.0,1313.202,1194.208,3543.0,-88.16,22739.646049251663
86,1989-07-01,1.0,5.2,9.63,4.893807623,5695.365,247458.0,1301.412,1212.452,3585.7,-75.075,23015.481415028004
87,1989-10-01,0.9,5.3,9.24,4.802933382,5747.237,248174.0,1291.758,1229.556,3633.6,-82.765,23158.094723863094
88,1990-01-01,1.7,5.4,7.97,4.905908309,5872.701,248743.0,1304.586,1261.251,3730.7,-88.536,23609.512629501132
89,1990-04-01,2.1,5.4,8.3,5.276985365,5960.028,249436.0,1304.993,1287.513,3770.0,-68.833,23894.016902131207
90,1990-07-01,2.0,5.5,8.32,5.516605952,6015.116,250285.0,1279.695,1297.056,3821.7,-74.953,24033.06630441297
91,1990-10-01,0.9,5.9,8.25,5.798506168,6004.733,251201.0,1208.107,1317.797,3870.6,-79.096,23904.096719360194
92,1991-01-01,0.3,6.4,5.53,5.815290409,6035.178,252012.0,1167.908,1281.354,3841.0,-47.14,23947.97866768249
93,1991-04-01,1.2,6.7,6.48,5.276160434,6126.862,252778.0,1167.904,1345.598,3907.1,-23.188,24238.11407638323
94,1991-07-01,1.7,6.8,6.38,4.713410392,6205.937,253650.0,1191.028,1384.626,3966.0,-21.074,24466.536566134437
95,1991-10-01,3.3,7.0,5.4,4.288991989,6264.54,254576.0,1233.261,1413.344,3976.0,-23.053,24607.739928351453
96,1992-01-01,5.0,7.3,4.09,4.052308746,6363.102,255331.0,1210.478,1458.39,4084.7,-20.536,24920.992750586494
97,1992-04-01,4.2,7.4,4.98,4.066438773,6470.763,256139.0,1278.935,1476.444,4131.5,-32.788,25262.701111505863
98,1992-07-01,4.3,7.7,3.89,3.769367667,6566.641,257063.0,1289.101,1498.726,4204.8,-38.488,25544.870323617168
99,1992-10-01,4.4,7.3,3.58,3.6359146,6680.803,258004.0,1328.433,1521.869,4284.7,-47.14,25894.183811103703
100,1993-01-01,1.5,7.3,2.66,3.528455109,6729.459,258799.0,1359.751,1522.365,4340.7,-55.704,26002.6468417575
101,1993-04-01,0.0,7.1,3.31,3.404237829,6808.939,259547.0,1367.575,1532.659,4393.4,-63.187,26233.9345089714
102,1993-07-01,-0.4,6.9,3.27,3.422616714,6882.098,260411.0,1358.287,1550.905,4468.9,-68.354,26427.831389611038
103,1993-10-01,-0.6,6.8,3.19,3.424737275,7013.738,261294.0,1429.661,1572.369,4532.8,-73.449,26842.32320680919
104,1994-01-01,0.5,6.6,2.85,3.375759896,7115.652,262021.0,1484.116,1552.96,4585.1,-80.595,27156.800409127514
105,1994-04-01,1.2,6.4,3.64,3.354397547,7246.931,262754.0,1557.107,1567.862,4671.1,-90.572,27580.668610182907
106,1994-07-01,0.2,6.1,3.82,3.233880147,7331.075,263580.0,1531.67,1596.722,4720.6,-96.868,27813.472190606266
107,1994-10-01,0.9,5.8,5.44,3.164264289,7455.288,264430.0,1594.684,1622.331,4812.9,-101.913,28193.8055440003
108,1995-01-01,0.6,5.6,4.94,3.144200833,7522.289,265157.0,1611.428,1642.508,4851.2,-105.329,28369.188820208405
109,1995-04-01,1.0,5.8,6.3,3.306684647,7580.997,265877.0,1577.96,1659.406,4890.2,-109.492,28513.1733846854
110,1995-07-01,1.6,5.7,6.11,3.386948974,7683.125,266700.0,1568.555,1670.844,4970.2,-74.444,28808.11773528309
111,1995-10-01,1.1,5.5,6.2,3.46411606,7772.586,267585.0,1607.513,1665.404,5013.9,-69.78,29047.166320982116
112,1996-01-01,1.6,5.6,4.73,3.277075064,7868.468,268258.0,1633.332,1701.217,5085.7,-88.795,29331.717972996146
113,1996-04-01,2.1,5.6,5.53,3.004778103,8032.84,268980.0,1711.813,1711.469,5208.0,-93.709,29864.07911368875
114,1996-07-01,2.5,5.5,7.8,3.087421545,8131.408,269822.0,1789.565,1715.062,5251.9,-114.18,30136.193490523383
115,1996-10-01,2.1,5.2,5.53,2.943741816,8259.771,270730.0,1787.19,1735.168,5328.5,-88.822,30509.25645477044
116,1997-01-01,1.2,5.3,6.26,2.91241515,8362.655,271472.0,1823.255,1736.733,5411.1,-108.839,30804.852802498972
117,1997-04-01,1.7,5.1,6.18,2.910920374,8518.825,272213.0,1935.157,1755.842,5459.3,-85.201,31294.703045041937
118,1997-07-01,2.2,4.9,6.24,2.752239262,8662.823,273074.0,1962.053,1757.977,5548.8,-96.831,31723.35337674037
119,1997-10-01,2.6,4.7,5.65,2.618900715,8765.907,273989.0,1990.86,1786.848,5637.7,-117.014,31993.64573030304
120,1998-01-01,3.7,4.6,5.84,2.673178027,8866.48,274732.0,2078.205,1768.79,5689.9,-135.215,32273.197152133715
121,1998-04-01,2.7,4.3,5.72,2.640497846,8969.699,275434.0,2065.336,1781.911,5788.1,-162.331,32565.69268862958
122,1998-07-01,3.3,4.5,6.35,2.603335947,9121.097,276266.0,2118.989,1788.538,5890.0,-174.634,33015.63348367153
123,1998-10-01,3.6,4.5,5.73,2.535056337,9293.991,277140.0,2183.382,1814.518,5998.8,-178.663,33535.36479757523
124,1999-01-01,4.1,4.3,4.07,2.383116,9411.682,277891.0,2243.548,1811.988,6073.9,-212.559,33868.250501095754
125,1999-04-01,3.9,4.3,5.41,2.226592,9526.21,278584.0,2244.682,1816.961,6199.5,-247.53,34195.10811819774
126,1999-07-01,3.5,4.3,5.76,2.111144,9686.626,279448.0,2306.47,1843.205,6287.6,-276.403,34663.429332111875
127,1999-10-01,4.2,4.1,5.26,2.04962,9900.169,280337.0,2367.988,1875.154,6411.4,-301.708,35315.24201229235
128,2000-01-01,2.4,4.0,3.99,2.335519,10002.179,281083.0,2351.223,1866.308,6542.9,-356.583,35584.4323562791
129,2000-04-01,4.0,3.8,6.17,2.409239,10247.72,281763.0,2490.501,1908.645,6679.1,-362.501,36369.99889978457
130,2000-07-01,3.0,4.0,6.86,2.71297,10318.165,282504.0,2466.375,1918.617,6768.5,-393.867,36523.960722680036
131,2000-10-01,2.6,3.9,6.6,2.919941,10435.744,283285.0,2471.534,1938.796,6893.8,-411.343,36838.321831371235
132,2001-01-01,2.4,4.2,5.41,2.878468,10470.231,283960.0,2358.969,1982.626,6987.4,-402.653,36872.20383152557
133,2001-04-01,2.1,4.4,5.29,3.091112,10599.0,284602.0,2362.652,2003.581,7004.2,-364.015,37241.48108586728
134,2001-07-01,2.8,4.6,3.95,3.207811,10598.02,285324.0,2311.409,2037.703,7082.3,-370.634,37143.80844233223
135,2001-10-01,3.0,5.3,3.02,3.484066,10660.465,286086.0,2196.554,2045.404,7212.9,-369.688,37263.14814426431
136,2002-01-01,5.8,5.7,1.52,3.557463,10783.5,286739.0,2262.071,2091.469,7184.6,-386.884,37607.37116332274
137,2002-04-01,4.1,5.9,1.88,3.465822,10887.46,287343.0,2298.939,2130.186,7312.5,-428.259,37890.11738584201
138,2002-07-01,4.3,5.8,1.83,3.263706,10984.04,288051.0,2295.983,2148.447,7387.3,-447.548,38132.275187380015
139,2002-10-01,2.9,5.7,1.85,2.937194,11061.433,288794.0,2293.746,2184.697,7435.2,-496.289,38302.15655449905
140,2003-01-01,1.8,5.8,1.16,2.778159,11174.129,289412.0,2312.465,2220.262,7541.3,-525.262,38609.76393515127
141,2003-04-01,3.0,6.0,1.29,2.450573,11312.766,290024.0,2327.492,2299.919,7634.5,-519.87,39006.30982263537
142,2003-07-01,4.4,6.2,1.11,2.228217,11566.669,290726.0,2411.638,2309.622,7757.0,-518.994,39785.46466432311
143,2003-10-01,5.5,6.0,1.11,2.150681,11772.234,291463.0,2493.928,2344.18,7867.4,-523.694,40390.14900690654
144,2004-01-01,4.2,5.7,0.94,1.949813,11923.447,292046.0,2498.14,2381.04,8007.1,-565.975,40827.2909062271
145,2004-04-01,3.9,5.6,1.03,2.247883,12112.815,292651.0,2597.507,2400.4,8107.2,-617.581,41389.96620548025
146,2004-07-01,2.2,5.5,1.4,2.254997,12305.307,293350.0,2638.672,2428.795,8236.9,-652.672,41947.52684506562
147,2004-10-01,1.7,5.5,1.86,2.229333,12527.214,294104.0,2693.575,2476.05,8397.1,-700.336,42594.503984984905
148,2005-01-01,3.1,5.3,1.97,2.308836,12767.286,294768.0,2769.261,2548.019,8497.7,-696.655,43312.99869728057
149,2005-04-01,1.9,5.2,2.83,2.231837,12922.656,295359.0,2733.225,2578.686,8678.4,-707.21,43752.36915076229
150,2005-07-01,2.1,5.0,3.36,2.292571,13142.642,296077.0,2769.106,2617.33,8853.8,-750.961,44389.27035872425
151,2005-10-01,1.7,5.0,3.93,2.318218,13324.204,296857.0,2857.35,2649.819,8938.5,-804.786,44884.25066614565
152,2006-01-01,1.3,4.7,4.09,2.444816,13599.16,297526.0,2899.229,2728.184,9071.6,-790.818,45707.46758266504
153,2006-04-01,1.3,4.7,5.0,2.67529,13753.424,298170.0,2882.564,2749.085,9191.6,-794.042,46126.11597410873
154,2006-07-01,0.4,4.7,5.05,3.089187,13870.188,298910.0,2871.589,2775.712,9343.8,-823.284,46402.55595329698
155,2006-10-01,1.0,4.4,5.34,3.285968,14039.56,299710.0,2818.228,2789.906,9393.6,-737.668,46843.815688498886
156,2007-01-01,0.7,4.6,5.17,3.136734,14215.651,300398.0,2800.037,2869.326,9538.7,-739.273,47322.72185567147
157,2007-04-01,1.1,4.5,5.3,2.957465,14402.082,301045.0,2827.01,2905.202,9643.6,-745.806,47840.29630121743
158,2007-07-01,2.2,4.7,5.31,2.525322,14564.117,301790.0,2794.526,2945.721,9751.1,-728.954,48259.1106398489
159,2007-10-01,2.3,4.7,4.92,2.494632,14715.058,302590.0,2762.518,2991.765,9882.7,-729.699,48630.351300439535
160,2008-01-01,1.3,5.0,3.06,2.747695,14706.538,303280.0,2686.998,3043.522,9996.4,-771.248,48491.61830651543
161,2008-04-01,2.2,5.0,2.38,2.725505,14865.701,303926.0,2641.85,3397.452,10070.3,-776.404,48912.23850542566
162,2008-07-01,1.5,5.8,2.11,3.010504,14898.999,304646.0,2589.254,3194.11,10185.1,-787.354,48905.9400090597
163,2008-10-01,0.2,6.5,1.15,2.922213,14608.209,305403.0,2338.938,3192.866,10034.1,-628.474,47832.565495427356
164,2009-01-01,2.0,7.8,0.14,2.535975,14430.902,306035.0,2073.135,3322.767,9847.2,-420.992,47154.41697845018
165,2009-04-01,3.2,9.0,0.16,2.359914,14381.236,306645.0,1952.641,3524.671,9772.5,-358.368,46898.64827406284
166,2009-07-01,4.5,9.5,0.2,1.910212,14448.882,307322.0,1946.867,3532.903,9886.3,-423.998,47015.44959358588
167,2009-10-01,6.5,10.0,0.11,1.509202,14651.249,308071.0,2128.516,3560.619,9976.7,-473.254,47558.02720801374
168,2010-01-01,5.4,9.8,0.05,1.170764,14764.61,308706.0,2174.335,3710.548,10056.1,-509.192,47827.41508101559
169,2010-04-01,3.4,9.9,0.17,0.869413,14980.193,309289.0,2288.469,3745.711,10182.3,-542.514,48434.28961262767
170,2010-07-01,2.5,9.4,0.17,0.7440706,15141.607,309913.0,2390.072,3792.438,10268.1,-553.943,48857.605198878395
171,2010-10-01,1.4,9.4,0.2,0.6723344,15309.474,310612.0,2383.297,3809.804,10386.4,-523.586,49288.09575933962
172,2011-01-01,0.6,9.1,0.13,0.9539952,15351.448,311204.0,2338.901,3811.263,10514.3,-568.476,49329.211706790404
173,2011-04-01,0.3,9.1,0.11,1.210295,15557.539,311740.0,2434.538,3849.377,10652.1,-581.092,49905.494963751844
174,2011-07-01,-0.5,9.0,0.08,1.41844,15647.68,312372.0,2445.296,3783.833,10731.6,-567.111,50093.09413135621
175,2011-10-01,-0.4,8.8,0.06,1.835844,15842.259,313060.0,2633.829,3786.528,10802.9,-601.788,50604.545454545456
176,2012-01-01,0.9,8.3,0.04,2.113351,16068.805,313636.0,2692.179,3774.344,10896.8,-602.271,51233.930416151205
177,2012-04-01,1.3,8.2,0.09,2.191796,16207.115,314176.0,2752.614,3772.867,11018.5,-565.241,51586.101420859646
178,2012-07-01,1.2,8.2,0.09,2.260479,16319.541,314796.0,2759.86,3777.299,11016.8,-523.083,51841.640300385014
179,2012-10-01,0.4,7.8,0.15,2.206525,16420.419,315485.0,2736.423,3769.503,11137.4,-515.874,52048.17661695485
180,2013-01-01,0.3,8.0,0.09,2.065935,16648.189,316038.0,2845.38,3758.798,11252.4,-499.348,52677.80773198159
181,2013-04-01,-0.4,7.6,0.16,1.932255,16728.687,316535.0,2882.489,3776.035,11281.1,-498.38,52849.40685864123
182,2013-07-01,0.6,7.3,0.1,1.865294,16953.838,317156.0,2998.991,3773.724,11372.6,-482.067,53455.83246099711
183,2013-10-01,1.9,7.2,0.08,1.866698,17192.019,317864.0,3027.805,3772.463,11498.0,-434.019,54086.08398560391
184,2014-01-01,0.6,6.6,0.07,1.821944,17197.738,318464.0,2998.148,3819.402,11578.8,-510.088,54002.141529340835
185,2014-04-01,1.5,6.2,0.08,2.025724,17518.508,319020.0,3121.321,3876.072,11762.3,-505.404,54913.51012475707
186,2014-07-01,1.6,6.2,0.1,2.098319,17804.228,319670.0,3193.152,3931.623,11904.4,-489.357,55695.648637657585
187,2014-10-01,0.3,5.7,0.09,2.001463,17912.079,320403.0,3203.351,3926.651,12064.7,-530.751,55904.841714965216
188,2015-01-01,1.8,5.7,0.06,1.976365,18063.529,320997.0,3314.895,3970.21,12066.7,-526.432,56273.20193023611
189,2015-04-01,1.6,5.4,0.12,2.05371,18279.784,321538.0,3328.049,3990.778,12209.1,-509.527,56851.084475240874
190,2015-07-01,1.0,5.2,0.13,2.130475,18401.626,322186.0,3335.27,4011.91,12364.9,-538.082,57114.91498699509
191,2015-10-01,0.7,5.0,0.13,2.335492,18435.137,322901.0,3315.334,4050.403,12394.9,-523.238,57092.22640995228
192,2016-01-01,0.6,4.8,0.2,2.460879,18525.933,323509.0,3301.09,4084.292,12478.0,-511.682,57265.58766525815
193,2016-04-01,0.2,5.1,0.37,2.53143,18711.702,324061.0,3287.033,4101.647,12611.5,-489.37,57741.295620269026
194,2016-07-01,0.2,4.8,0.41,2.569655,18892.639,324697.0,3301.079,4150.5,12756.7,-481.229,58185.443659781275
195,2016-10-01,1.5,4.9,0.29,2.502268,19089.379,325368.0,3391.749,4175.46,12867.0,-530.806,58670.118143148684
196,2017-01-01,1.2,4.7,0.55,2.651739,19280.084,325901.0,3382.703,4192.262,13063.7,-533.42,59159.327525843735
197,2017-04-01,1.2,4.4,0.82,2.235672,19438.643,326371.0,3435.929,4195.549,13169.2,-553.499,59559.95783939137
198,2017-07-01,1.7,4.3,1.06,2.131777,19692.595,326939.0,3493.166,4253.985,13263.3,-531.498,60233.23922811289
199,2017-10-01,1.8,4.2,1.06,2.177581,20037.088,327528.0,3558.859,4320.383,13447.5,-554.897,61176.71771573728
200,2018-01-01,1.9,4.0,1.33,2.157823,20328.553,327969.0,3612.936,4398.501,13703.3,-576.031,61983.15389564258
201,2018-04-01,1.9,4.0,1.67,2.491592,20580.912,328364.0,3612.389,4453.783,13838.4,-543.823,62677.12660340354
202,2018-07-01,1.4,3.8,1.91,2.518753,20798.73,328863.0,3722.248,4512.225,13974.8,-618.246,63244.360113481904
203,2018-10-01,0.5,3.8,2.18,2.415236,20917.867,329379.0,3724.752,4593.407,14083.1,-634.207,63506.98435540821
204,2019-01-01,1.0,4.0,2.4,2.375054,21111.6,329766.0,3755.53,4687.997,14084.6,-592.294,64019.94141300195
205,2019-04-01,1.6,3.7,2.41,2.392773,21397.938,330103.0,3790.049,4734.95,14290.0,-617.962,64822.00404116291
206,2019-07-01,2.4,3.7,2.39,2.475923,21717.171,330553.0,3819.94,4773.268,14496.0,-585.547,65699.5126348876
207,2019-10-01,3.6,3.6,1.88,2.747596,21933.217,331066.0,3770.431,4796.274,14617.4,-513.359,66250.28544157358
208,2020-01-01,2.3,3.6,1.55,2.800205,21751.238,331443.0,3676.274,4866.623,14868.3,-501.596,65625.87835615777
209,2020-04-01,6.6,14.8,0.06,2.160688,19958.291,331750.0,3163.508,8891.373,12249.2,-526.892,60160.636021100225
210,2020-07-01,7.1,10.2,0.08,2.287039,21704.437,331861.0,3755.526,7174.111,14307.2,-687.616,65402.19248420272
211,2020-10-01,5.2,6.9,0.09,1.74961,22087.16,332092.0,3878.929,5928.343,14725.8,-758.111,66509.16011225805
212,2021-01-01,6.4,6.4,0.09,1.388291876,22680.693,332058.0,3849.329,8346.291,15073.0,-789.049,68303.40783838968
213,2021-04-01,1.7,6.1,0.07,2.223969877,23425.91,332140.0,3799.029,7754.325,15917.5,-825.62,70530.22821701692
214,2021-07-01,-0.4,5.4,0.1,2.322197731,23982.379,332455.0,3937.3,6795.61,16239.7,-873.479,72137.21857093442
215,2021-10-01,0.9,4.5,0.08,3.012541263,24813.6,332961.0,4191.773,6240.006,16704.2,-908.785,74524.04335642913
216,2022-01-01,-1.1,4.0,0.07,3.958436369,25250.347,333360.0,4272.382,6002.815,16993.8,-1049.17,75744.98140148788
217,2022-04-01,-2.0,3.7,0.33,4.705074108,25861.292,333792.0,4176.99,6079.675,17490.0,-996.17,77477.26728022241
218,2022-07-01,-1.4,3.5,1.58,5.584768451,26336.304,334393.0,4105.292,6178.737,17770.1,-855.6,78758.53860577225
219,2022-10-01,-1.5,3.6,3.08,6.310662886,26770.514,335155.0,4184.98,6318.34,18109.6,-850.616,79875.02498843819
220,2023-01-01,0.1,3.5,4.33,6.488563553,27216.445,335807.0,4108.542,6433.6,18449.1,-794.917,81047.878692225
221,2023-04-01,1.8,3.4,4.83,6.265662148,27530.055,336451.0,4180.752,6491.697,18641.8,-797.486,81824.85711143674
222,2023-07-01,3.1,3.5,5.08,5.394823057,28074.846,337200.0,4275.527,6558.635,18884.2,-765.535,83258.73665480428
223,2023-10-01,3.5,3.9,5.33,4.882671706,28424.722,338088.0,4313.169,6668.128,19109.4,-788.044,84074.9213222593
224,2024-01-01,3.4,3.7,5.33,4.605479434,28708.161,338867.0,4296.251,6846.123,19303.3,-822.478,84718.07818406631
225,2024-04-01,3.1,3.9,5.33,4.413239633,29147.044,339648.0,4381.983,6954.021,19665.7,-894.37,85815.444224609
226,2024-07-01,2.6,4.2,5.33,4.182298584,29511.664,340448.0,4392.176,7165.663,19949.5,-938.325,86684.79180374095
227,2024-10-01,1.9,4.1,4.83,3.975247122,29825.182,341002.0,4315.564,7247.662,20226.0,-938.666,87463.3638512384
228,2025-01-01,1.2,4.0,4.33,3.624695912,30042.113,341454.0,4547.947,7313.597,20462.2,-1264.604,87982.89959994612
229,2025-04-01,1.5,4.2,4.33,3.178169333,30485.729,341874.0,4382.819,7496.339,20746.4,-899.799,89172.41147323283
230,2025-07-01,1.9,4.3,4.33,3.427070021,31098.027,342370.0,4383.186,7580.229,21007.3,-756.57,90831.63536524812
